wallet,moca_id,tier
0x48c6ceabadc0bce0477b32272f74831bc1854f3d,2717,dreamer
0x48c6ceabadc0bce0477b32272f74831bc1854f3d,2718,dreamer
0x48c6ceabadc0bce0477b32272f74831bc1854f3d,2719,dreamer
0x48c6ceabadc0bce0477b32272f74831bc1854f3d,2720,dreamer
0x48c6ceabadc0bce0477b32272f74831bc1854f3d,5286,angel
0x48c6ceabadc0bce0477b32272f74831bc1854f3d,5287,angel
0x0e400b23cbb2e24ce5d6981ff0ac3f07a22978ca,1493,neo-capitalist
0xd512ffe85be6f9ce44091c4bfb474f0293e818dc,2393,angel
0xd512ffe85be6f9ce44091c4bfb474f0293e818dc,2394,angel
0x392b0b4b2fb56f12512dfc8ad9f5c9643dfeab45,1626,angel
0x8b7bf875e82a259b704c33fd87eceb7f4850f616,3434,angel
0x82636b0d51ed02132d445d3c32a57280a0625053,6059,angel
0x82636b0d51ed02132d445d3c32a57280a0625053,6060,angel
0x7e222f65ab279507b4124ba450f13f9758212d42,2035,angel
0x7e222f65ab279507b4124ba450f13f9758212d42,3401,neo-capitalist
0x7e222f65ab279507b4124ba450f13f9758212d42,5801,neo-capitalist
0x4daf440bb1ec17628dad45ed45b726759a99271a,1664,angel
0x5f447199987971edb01e358cf67f390df9e75237,2166,angel
0x5f447199987971edb01e358cf67f390df9e75237,2167,angel
0x5f447199987971edb01e358cf67f390df9e75237,6578,builder
0x42f79fb2d6f0ac25fab596408c1b3f8a6d596d8a,4946,angel
0xb0481e4d9513924d3eef075781794ea81b14e0f7,2431,angel
0xb0481e4d9513924d3eef075781794ea81b14e0f7,2432,angel
0x1afa084f853e64e54f26171332e99c1c08e9cb53,1575,angel
0x319ea9a4fd2a189002765316cdef8360c1f98ea2,1992,angel
0x8fb8e00c7f18c9825ef62497978fe35a2748aaf3,2098,angel
0x8fb8e00c7f18c9825ef62497978fe35a2748aaf3,2324,connector
0x8fb8e00c7f18c9825ef62497978fe35a2748aaf3,5189,connector
0x25c53e7da97cddb8f7943fba9f9ff569b84a261a,994,connector
0x25c53e7da97cddb8f7943fba9f9ff569b84a261a,1991,angel
0x25c53e7da97cddb8f7943fba9f9ff569b84a261a,2754,dreamer
0x25c53e7da97cddb8f7943fba9f9ff569b84a261a,7132,neo-capitalist
0x3cac7e12dc3bae6ebe2909c82addb04da4cc340b,1663,angel
0x5c5d19faa967ba5d3a0fc919af27a462122ff8a1,1442,connector
0x5c5d19faa967ba5d3a0fc919af27a462122ff8a1,3146,dreamer
0x5c5d19faa967ba5d3a0fc919af27a462122ff8a1,3147,dreamer
0x5c5d19faa967ba5d3a0fc919af27a462122ff8a1,3247,neo-capitalist
0x5c5d19faa967ba5d3a0fc919af27a462122ff8a1,3489,builder
0x5c5d19faa967ba5d3a0fc919af27a462122ff8a1,3678,angel
0x5c5d19faa967ba5d3a0fc919af27a462122ff8a1,5157,dreamer
0x5c5d19faa967ba5d3a0fc919af27a462122ff8a1,5733,builder
0x3018c8ad9b0b5e217e31ee70752b6c6032251cc2,1314,angel
0x23140406d483989f9789ae301c879b6121e52e1f,5940,angel
0x89a80a410b1a0fcc91eda1fc8a4f7245ca183b6f,3271,builder
0x89a80a410b1a0fcc91eda1fc8a4f7245ca183b6f,3272,builder
0x89a80a410b1a0fcc91eda1fc8a4f7245ca183b6f,3471,dreamer
0x89a80a410b1a0fcc91eda1fc8a4f7245ca183b6f,3809,connector
0x89a80a410b1a0fcc91eda1fc8a4f7245ca183b6f,5295,builder
0x89a80a410b1a0fcc91eda1fc8a4f7245ca183b6f,5890,neo-capitalist
0x89a80a410b1a0fcc91eda1fc8a4f7245ca183b6f,6614,angel
0x64220b85356c2e31aa5b2dd79322dbab63d05f22,2721,builder
0x64220b85356c2e31aa5b2dd79322dbab63d05f22,2722,builder
0xeec6d9ce9bb491f8843431a86cf24718b5e6b560,4512,connector
0xeec6d9ce9bb491f8843431a86cf24718b5e6b560,6699,builder
0xea5f4f4440ff3cc417d09b43d6f8da1f14175846,1467,angel
0xea5f4f4440ff3cc417d09b43d6f8da1f14175846,3020,builder
0xea5f4f4440ff3cc417d09b43d6f8da1f14175846,3375,connector
0xea5f4f4440ff3cc417d09b43d6f8da1f14175846,3599,builder
0xea5f4f4440ff3cc417d09b43d6f8da1f14175846,4089,dreamer
0xea5f4f4440ff3cc417d09b43d6f8da1f14175846,4442,builder
0xea5f4f4440ff3cc417d09b43d6f8da1f14175846,4835,neo-capitalist
0xea5f4f4440ff3cc417d09b43d6f8da1f14175846,6649,dreamer
0xea5f4f4440ff3cc417d09b43d6f8da1f14175846,6754,builder
0xb4c37c7ad3b83b66c4848d24f19a48aafff00d56,1327,dreamer
0xb4c37c7ad3b83b66c4848d24f19a48aafff00d56,1328,dreamer
0xb4c37c7ad3b83b66c4848d24f19a48aafff00d56,1668,dreamer
0xb4c37c7ad3b83b66c4848d24f19a48aafff00d56,6462,builder
0x46fb16917b38f86ab128cc946b45b250261848ff,2669,builder
0x554d0c1f3e79b80fa41f9be17d6406d934f76427,1171,builder
0x554d0c1f3e79b80fa41f9be17d6406d934f76427,1740,connector
0x554d0c1f3e79b80fa41f9be17d6406d934f76427,2914,connector
0x554d0c1f3e79b80fa41f9be17d6406d934f76427,6525,angel
0x554d0c1f3e79b80fa41f9be17d6406d934f76427,6918,neo-capitalist
0x554d0c1f3e79b80fa41f9be17d6406d934f76427,6919,neo-capitalist
0x554d0c1f3e79b80fa41f9be17d6406d934f76427,7343,builder
0x89F6854cd2f782fc671f2A8Abab4dE5Ed269c95d,2448,builder
0x03fc99a0cb721329a57e6610a1ec825c18f02dab,2237,neo-capitalist
0x03fc99a0cb721329a57e6610a1ec825c18f02dab,2524,neo-capitalist
0x03fc99a0cb721329a57e6610a1ec825c18f02dab,3063,builder
0x03fc99a0cb721329a57e6610a1ec825c18f02dab,3847,neo-capitalist
0x03fc99a0cb721329a57e6610a1ec825c18f02dab,3848,neo-capitalist
0x03fc99a0cb721329a57e6610a1ec825c18f02dab,6541,neo-capitalist
0xa6f222fe811b59c94e7c63052b78c0b17a8dc938,6574,builder
0x7c3f6726981be1c95d77f9b06c9aa71df7dfc99e,3120,builder
0x7c3f6726981be1c95d77f9b06c9aa71df7dfc99e,3121,builder
0x9bc6a425d0d5fea6005400052ee679b30b1e2dee,1355,connector
0x9bc6a425d0d5fea6005400052ee679b30b1e2dee,1356,connector
0x70a1d72a5d8b197e9e8825ab193fb638ed08c8c8,1474,dreamer
0x70a1d72a5d8b197e9e8825ab193fb638ed08c8c8,3772,connector
0x8450e1397c3938ec43cb646dbae760273372001b,1266,builder
0x8450e1397c3938ec43cb646dbae760273372001b,2297,connector
0x622b02af44e1ab16ee5fffdb61b4e2bd1cebd9e4,3427,angel
0x622b02af44e1ab16ee5fffdb61b4e2bd1cebd9e4,4309,connector
0xa6b133935e4d9de6a8c7a29f93d6da400a365585,5132,connector
0xe36c3e5ade45bb09c0ff17a23d241a956f7da962,3397,connector
0xe36c3e5ade45bb09c0ff17a23d241a956f7da962,3398,connector
0xbedfaef8548f017f5fecd42ebb3c147b9e1efa2c,8563,connector
0x7d14ecd4f46e1029eba9e8d6cc2dd374bc14f746,4430,connector
0x7d14ecd4f46e1029eba9e8d6cc2dd374bc14f746,4431,connector
0xdbb9d557191501fd2cadf5a9fd80845f162d20dd,3200,dreamer
0xdbb9d557191501fd2cadf5a9fd80845f162d20dd,3839,angel
0xdbb9d557191501fd2cadf5a9fd80845f162d20dd,3840,angel
0xdbb9d557191501fd2cadf5a9fd80845f162d20dd,3881,dreamer
0xdbb9d557191501fd2cadf5a9fd80845f162d20dd,3882,dreamer
0xdbb9d557191501fd2cadf5a9fd80845f162d20dd,6569,connector
0xa8afb4426a83b24209a3061297daa2df5611430d,1450,connector
0xcb14048dfb9971433eb56be524725e1b317b444f,5518,dreamer
0x11610d0bf661d3ccbb9493cf23184f68ecfe4783,1561,dreamer
0x11610d0bf661d3ccbb9493cf23184f68ecfe4783,2068,builder
0x11610d0bf661d3ccbb9493cf23184f68ecfe4783,3325,angel
0x11610d0bf661d3ccbb9493cf23184f68ecfe4783,3898,dreamer
0x11610d0bf661d3ccbb9493cf23184f68ecfe4783,4007,neo-capitalist
0x11610d0bf661d3ccbb9493cf23184f68ecfe4783,4008,neo-capitalist
0x11610d0bf661d3ccbb9493cf23184f68ecfe4783,4712,connector
0xbd1cc7c77fc8e1171c2f0666835e1dcb8462ae68,1041,dreamer
0xbd1cc7c77fc8e1171c2f0666835e1dcb8462ae68,1042,dreamer
0xce6564d03bb29974cd28c861490a581627aedf10,6148,dreamer
0xdaf8313d766a62b5271a446b7e03d45ffb000490,1027,angel
0xdaf8313d766a62b5271a446b7e03d45ffb000490,1598,dreamer
0xdaf8313d766a62b5271a446b7e03d45ffb000490,2838,connector
0xdaf8313d766a62b5271a446b7e03d45ffb000490,3481,dreamer
0xdaf8313d766a62b5271a446b7e03d45ffb000490,4039,angel
0xdaf8313d766a62b5271a446b7e03d45ffb000490,5158,dreamer
0xdaf8313d766a62b5271a446b7e03d45ffb000490,6715,builder
0xdaf8313d766a62b5271a446b7e03d45ffb000490,8545,neo-capitalist
0xca5fb7ce97879490a2d845be0bb915e5399665a9,5358,connector
0xca5fb7ce97879490a2d845be0bb915e5399665a9,5632,neo-capitalist
0xbc5e44596816cbe3d45318a3a124f8328c417cde,1217,dreamer
0xbc5e44596816cbe3d45318a3a124f8328c417cde,1218,dreamer
0x0a9fd20fc663cc9afa28699959965a2a2dc5aae3,2071,dreamer
0x0a9fd20fc663cc9afa28699959965a2a2dc5aae3,2072,dreamer
0xbe949adac94b2a046b3e86a0c14ca69591c5621a,1149,dreamer
0xbe949adac94b2a046b3e86a0c14ca69591c5621a,1150,dreamer
0x855Daf99174B3Eb8CEc4DF11e98cED228bF11A02,1990,neo-capitalist
0x855Daf99174B3Eb8CEc4DF11e98cED228bF11A02,2001,dreamer
0x855Daf99174B3Eb8CEc4DF11e98cED228bF11A02,2002,dreamer
0x855Daf99174B3Eb8CEc4DF11e98cED228bF11A02,3367,angel
0x855Daf99174B3Eb8CEc4DF11e98cED228bF11A02,3744,neo-capitalist
0x855Daf99174B3Eb8CEc4DF11e98cED228bF11A02,4124,neo-capitalist
0x855Daf99174B3Eb8CEc4DF11e98cED228bF11A02,4252,angel
0x855Daf99174B3Eb8CEc4DF11e98cED228bF11A02,4366,builder
0x855Daf99174B3Eb8CEc4DF11e98cED228bF11A02,4773,connector
0x855Daf99174B3Eb8CEc4DF11e98cED228bF11A02,5793,dreamer
0x855Daf99174B3Eb8CEc4DF11e98cED228bF11A02,5850,dreamer
0x855Daf99174B3Eb8CEc4DF11e98cED228bF11A02,6085,dreamer
0x855Daf99174B3Eb8CEc4DF11e98cED228bF11A02,6233,dreamer
0x7b2758ef11d152becab8c9aa3f0f7a43c1075ab9,1640,dreamer
0x7b2758ef11d152becab8c9aa3f0f7a43c1075ab9,4479,dreamer
0x7b2758ef11d152becab8c9aa3f0f7a43c1075ab9,6229,angel
0x88d8d8c2e9a29177a4a8d6755b3870e6720ee6a6,1085,dreamer
0x0be708eafc31a270707f8b8a4ac0259b54b4740f,2368,dreamer
0x0be708eafc31a270707f8b8a4ac0259b54b4740f,2472,angel
0x0be708eafc31a270707f8b8a4ac0259b54b4740f,4112,neo-capitalist
0x0be708eafc31a270707f8b8a4ac0259b54b4740f,4158,dreamer
0x0be708eafc31a270707f8b8a4ac0259b54b4740f,4172,connector
0x0be708eafc31a270707f8b8a4ac0259b54b4740f,4537,dreamer
0x0be708eafc31a270707f8b8a4ac0259b54b4740f,5178,builder
0x0be708eafc31a270707f8b8a4ac0259b54b4740f,6292,angel
0x410a20d45edbb4415a5981be8d559676b8100e57,1392,builder
0x410a20d45edbb4415a5981be8d559676b8100e57,3594,dreamer
0x410a20d45edbb4415a5981be8d559676b8100e57,4013,dreamer
0x410a20d45edbb4415a5981be8d559676b8100e57,4114,neo-capitalist
0x410a20d45edbb4415a5981be8d559676b8100e57,4719,angel
0x410a20d45edbb4415a5981be8d559676b8100e57,5314,angel
0x410a20d45edbb4415a5981be8d559676b8100e57,6385,connector
0x410a20d45edbb4415a5981be8d559676b8100e57,6394,dreamer
0xe892b432b226f6edefc362761076c9c36fe6c74e,1290,dreamer
0xe892b432b226f6edefc362761076c9c36fe6c74e,1408,dreamer
0xe892b432b226f6edefc362761076c9c36fe6c74e,3283,dreamer
0xab0a2fc0747c9a7f12f968739da737dab4bdfbe7,960,angel
0xab0a2fc0747c9a7f12f968739da737dab4bdfbe7,1514,neo-capitalist
0xab0a2fc0747c9a7f12f968739da737dab4bdfbe7,1775,dreamer
0xab0a2fc0747c9a7f12f968739da737dab4bdfbe7,2159,dreamer
0xab0a2fc0747c9a7f12f968739da737dab4bdfbe7,2195,dreamer
0xab0a2fc0747c9a7f12f968739da737dab4bdfbe7,2198,angel
0xab0a2fc0747c9a7f12f968739da737dab4bdfbe7,2471,neo-capitalist
0xab0a2fc0747c9a7f12f968739da737dab4bdfbe7,2797,dreamer
0xab0a2fc0747c9a7f12f968739da737dab4bdfbe7,4373,dreamer
0xab0a2fc0747c9a7f12f968739da737dab4bdfbe7,4654,neo-capitalist
0xab0a2fc0747c9a7f12f968739da737dab4bdfbe7,5458,neo-capitalist
0xab0a2fc0747c9a7f12f968739da737dab4bdfbe7,5859,dreamer
0x839ac2038c7b17808a7028cf02052c3a9b868a30,1562,dreamer
0x839ac2038c7b17808a7028cf02052c3a9b868a30,2079,angel
0x839ac2038c7b17808a7028cf02052c3a9b868a30,5203,dreamer
0x839ac2038c7b17808a7028cf02052c3a9b868a30,5204,dreamer
0x839ac2038c7b17808a7028cf02052c3a9b868a30,5457,neo-capitalist
0x839ac2038c7b17808a7028cf02052c3a9b868a30,6507,dreamer
0x6f9ebabfc01cf6708773243a5015c8466b8cefb0,3047,dreamer
0x6f9ebabfc01cf6708773243a5015c8466b8cefb0,3048,dreamer
0x56b3591aafd665aadc8f956c5964923782ea1698,3001,dreamer
0x56b3591aafd665aadc8f956c5964923782ea1698,3002,dreamer
0x793df8014eaf918924006a4c7fc2999c643c0e9d,3532,dreamer
0xc2ba2b009a9a8f12fdabed184412120fb072d620,1890,dreamer
0xc2ba2b009a9a8f12fdabed184412120fb072d620,2158,dreamer
0xc2ba2b009a9a8f12fdabed184412120fb072d620,2427,dreamer
0xc2ba2b009a9a8f12fdabed184412120fb072d620,3808,connector
0xc2ba2b009a9a8f12fdabed184412120fb072d620,4914,angel
0xc2ba2b009a9a8f12fdabed184412120fb072d620,6367,dreamer
0x4a791828f3b69c760b111cfcbcc20b1f93f4f3b5,1571,angel
0xab0dee2006c7d84330b95cfa7c38da4307dfd74e,1307,builder
0xab0dee2006c7d84330b95cfa7c38da4307dfd74e,1455,angel
0xab0dee2006c7d84330b95cfa7c38da4307dfd74e,1496,neo-capitalist
0xab0dee2006c7d84330b95cfa7c38da4307dfd74e,1543,connector
0xab0dee2006c7d84330b95cfa7c38da4307dfd74e,1899,builder
0xab0dee2006c7d84330b95cfa7c38da4307dfd74e,2043,angel
0xab0dee2006c7d84330b95cfa7c38da4307dfd74e,2204,neo-capitalist
0xab0dee2006c7d84330b95cfa7c38da4307dfd74e,2358,connector
0xab0dee2006c7d84330b95cfa7c38da4307dfd74e,2750,neo-capitalist
0xab0dee2006c7d84330b95cfa7c38da4307dfd74e,2820,neo-capitalist
0xab0dee2006c7d84330b95cfa7c38da4307dfd74e,2893,neo-capitalist
0xab0dee2006c7d84330b95cfa7c38da4307dfd74e,2947,neo-capitalist
0xab0dee2006c7d84330b95cfa7c38da4307dfd74e,3411,dreamer
0xab0dee2006c7d84330b95cfa7c38da4307dfd74e,3500,connector
0xab0dee2006c7d84330b95cfa7c38da4307dfd74e,3951,angel
0xab0dee2006c7d84330b95cfa7c38da4307dfd74e,3952,angel
0xab0dee2006c7d84330b95cfa7c38da4307dfd74e,4138,connector
0xab0dee2006c7d84330b95cfa7c38da4307dfd74e,4286,dreamer
0xab0dee2006c7d84330b95cfa7c38da4307dfd74e,4384,angel
0xab0dee2006c7d84330b95cfa7c38da4307dfd74e,4385,angel
0xab0dee2006c7d84330b95cfa7c38da4307dfd74e,4754,neo-capitalist
0xab0dee2006c7d84330b95cfa7c38da4307dfd74e,4901,connector
0xab0dee2006c7d84330b95cfa7c38da4307dfd74e,5167,neo-capitalist
0xab0dee2006c7d84330b95cfa7c38da4307dfd74e,5168,neo-capitalist
0xab0dee2006c7d84330b95cfa7c38da4307dfd74e,5465,neo-capitalist
0xab0dee2006c7d84330b95cfa7c38da4307dfd74e,5612,builder
0xab0dee2006c7d84330b95cfa7c38da4307dfd74e,5634,neo-capitalist
0xab0dee2006c7d84330b95cfa7c38da4307dfd74e,5830,dreamer
0xab0dee2006c7d84330b95cfa7c38da4307dfd74e,5903,neo-capitalist
0xab0dee2006c7d84330b95cfa7c38da4307dfd74e,6010,builder
0xab0dee2006c7d84330b95cfa7c38da4307dfd74e,6208,neo-capitalist
0xab0dee2006c7d84330b95cfa7c38da4307dfd74e,6259,dreamer
0xab0dee2006c7d84330b95cfa7c38da4307dfd74e,6406,dreamer
0xab0dee2006c7d84330b95cfa7c38da4307dfd74e,6605,neo-capitalist
0xab0dee2006c7d84330b95cfa7c38da4307dfd74e,6800,neo-capitalist
0xab0dee2006c7d84330b95cfa7c38da4307dfd74e,8553,connector
0xdac4c0c7c0fe9890b08ac59bddb3bb96ec098992,1124,neo-capitalist
0xdac4c0c7c0fe9890b08ac59bddb3bb96ec098992,1431,dreamer
0xdac4c0c7c0fe9890b08ac59bddb3bb96ec098992,1864,angel
0xdac4c0c7c0fe9890b08ac59bddb3bb96ec098992,1865,angel
0xdac4c0c7c0fe9890b08ac59bddb3bb96ec098992,1968,angel
0xdac4c0c7c0fe9890b08ac59bddb3bb96ec098992,2007,builder
0xdac4c0c7c0fe9890b08ac59bddb3bb96ec098992,2008,builder
0xdac4c0c7c0fe9890b08ac59bddb3bb96ec098992,2345,angel
0xdac4c0c7c0fe9890b08ac59bddb3bb96ec098992,2502,angel
0xdac4c0c7c0fe9890b08ac59bddb3bb96ec098992,2529,connector
0xdac4c0c7c0fe9890b08ac59bddb3bb96ec098992,2530,connector
0xdac4c0c7c0fe9890b08ac59bddb3bb96ec098992,2946,angel
0xdac4c0c7c0fe9890b08ac59bddb3bb96ec098992,2971,connector
0xdac4c0c7c0fe9890b08ac59bddb3bb96ec098992,3084,angel
0xdac4c0c7c0fe9890b08ac59bddb3bb96ec098992,3388,dreamer
0xdac4c0c7c0fe9890b08ac59bddb3bb96ec098992,3412,dreamer
0xdac4c0c7c0fe9890b08ac59bddb3bb96ec098992,3414,dreamer
0xdac4c0c7c0fe9890b08ac59bddb3bb96ec098992,3441,connector
0xdac4c0c7c0fe9890b08ac59bddb3bb96ec098992,3499,connector
0xdac4c0c7c0fe9890b08ac59bddb3bb96ec098992,3592,connector
0xdac4c0c7c0fe9890b08ac59bddb3bb96ec098992,3605,dreamer
0xdac4c0c7c0fe9890b08ac59bddb3bb96ec098992,3606,dreamer
0xdac4c0c7c0fe9890b08ac59bddb3bb96ec098992,3986,angel
0xdac4c0c7c0fe9890b08ac59bddb3bb96ec098992,4056,neo-capitalist
0xdac4c0c7c0fe9890b08ac59bddb3bb96ec098992,4105,dreamer
0xdac4c0c7c0fe9890b08ac59bddb3bb96ec098992,4290,neo-capitalist
0xdac4c0c7c0fe9890b08ac59bddb3bb96ec098992,4347,connector
0xdac4c0c7c0fe9890b08ac59bddb3bb96ec098992,4348,connector
0xdac4c0c7c0fe9890b08ac59bddb3bb96ec098992,4367,builder
0xdac4c0c7c0fe9890b08ac59bddb3bb96ec098992,4369,dreamer
0xdac4c0c7c0fe9890b08ac59bddb3bb96ec098992,4437,neo-capitalist
0xdac4c0c7c0fe9890b08ac59bddb3bb96ec098992,4482,angel
0xdac4c0c7c0fe9890b08ac59bddb3bb96ec098992,4485,angel
0xdac4c0c7c0fe9890b08ac59bddb3bb96ec098992,4486,angel
0xdac4c0c7c0fe9890b08ac59bddb3bb96ec098992,4755,neo-capitalist
0xdac4c0c7c0fe9890b08ac59bddb3bb96ec098992,4930,dreamer
0xdac4c0c7c0fe9890b08ac59bddb3bb96ec098992,5513,angel
0xdac4c0c7c0fe9890b08ac59bddb3bb96ec098992,5592,neo-capitalist
0xdac4c0c7c0fe9890b08ac59bddb3bb96ec098992,6802,neo-capitalist
0x8a44e65288dc50c6bf8931e1e8216b5fb77f01eb,1020,neo-capitalist
0x8a44e65288dc50c6bf8931e1e8216b5fb77f01eb,1121,dreamer
0x8a44e65288dc50c6bf8931e1e8216b5fb77f01eb,1135,angel
0x8a44e65288dc50c6bf8931e1e8216b5fb77f01eb,1136,angel
0x8a44e65288dc50c6bf8931e1e8216b5fb77f01eb,1177,dreamer
0x8a44e65288dc50c6bf8931e1e8216b5fb77f01eb,1178,dreamer
0x8a44e65288dc50c6bf8931e1e8216b5fb77f01eb,1189,angel
0x8a44e65288dc50c6bf8931e1e8216b5fb77f01eb,1320,dreamer
0x8a44e65288dc50c6bf8931e1e8216b5fb77f01eb,1329,angel
0x8a44e65288dc50c6bf8931e1e8216b5fb77f01eb,1376,connector
0x8a44e65288dc50c6bf8931e1e8216b5fb77f01eb,1574,connector
0x8a44e65288dc50c6bf8931e1e8216b5fb77f01eb,1650,builder
0x8a44e65288dc50c6bf8931e1e8216b5fb77f01eb,1779,builder
0x8a44e65288dc50c6bf8931e1e8216b5fb77f01eb,1893,angel
0x8a44e65288dc50c6bf8931e1e8216b5fb77f01eb,1948,neo-capitalist
0x8a44e65288dc50c6bf8931e1e8216b5fb77f01eb,2463,dreamer
0x8a44e65288dc50c6bf8931e1e8216b5fb77f01eb,2682,builder
0x8a44e65288dc50c6bf8931e1e8216b5fb77f01eb,2723,connector
0x8a44e65288dc50c6bf8931e1e8216b5fb77f01eb,2742,neo-capitalist
0x8a44e65288dc50c6bf8931e1e8216b5fb77f01eb,2837,connector
0x8a44e65288dc50c6bf8931e1e8216b5fb77f01eb,2858,angel
0x8a44e65288dc50c6bf8931e1e8216b5fb77f01eb,2859,angel
0x8a44e65288dc50c6bf8931e1e8216b5fb77f01eb,2917,connector
0x8a44e65288dc50c6bf8931e1e8216b5fb77f01eb,2970,dreamer
0x8a44e65288dc50c6bf8931e1e8216b5fb77f01eb,3093,builder
0x8a44e65288dc50c6bf8931e1e8216b5fb77f01eb,3167,neo-capitalist
0x8a44e65288dc50c6bf8931e1e8216b5fb77f01eb,3248,neo-capitalist
0x8a44e65288dc50c6bf8931e1e8216b5fb77f01eb,3348,dreamer
0x8a44e65288dc50c6bf8931e1e8216b5fb77f01eb,3435,builder
0x8a44e65288dc50c6bf8931e1e8216b5fb77f01eb,3496,angel
0x8a44e65288dc50c6bf8931e1e8216b5fb77f01eb,3576,angel
0x8a44e65288dc50c6bf8931e1e8216b5fb77f01eb,3580,neo-capitalist
0x8a44e65288dc50c6bf8931e1e8216b5fb77f01eb,3636,dreamer
0x8a44e65288dc50c6bf8931e1e8216b5fb77f01eb,3804,neo-capitalist
0x8a44e65288dc50c6bf8931e1e8216b5fb77f01eb,3846,dreamer
0x8a44e65288dc50c6bf8931e1e8216b5fb77f01eb,3913,dreamer
0x8a44e65288dc50c6bf8931e1e8216b5fb77f01eb,3989,angel
0x8a44e65288dc50c6bf8931e1e8216b5fb77f01eb,4121,angel
0x8a44e65288dc50c6bf8931e1e8216b5fb77f01eb,4122,angel
0x8a44e65288dc50c6bf8931e1e8216b5fb77f01eb,4139,builder
0x8a44e65288dc50c6bf8931e1e8216b5fb77f01eb,4167,angel
0x8a44e65288dc50c6bf8931e1e8216b5fb77f01eb,4169,dreamer
0x8a44e65288dc50c6bf8931e1e8216b5fb77f01eb,4201,dreamer
0x8a44e65288dc50c6bf8931e1e8216b5fb77f01eb,4251,angel
0x8a44e65288dc50c6bf8931e1e8216b5fb77f01eb,4357,neo-capitalist
0x8a44e65288dc50c6bf8931e1e8216b5fb77f01eb,4386,dreamer
0x8a44e65288dc50c6bf8931e1e8216b5fb77f01eb,4538,dreamer
0x8a44e65288dc50c6bf8931e1e8216b5fb77f01eb,4735,neo-capitalist
0x8a44e65288dc50c6bf8931e1e8216b5fb77f01eb,4736,neo-capitalist
0x8a44e65288dc50c6bf8931e1e8216b5fb77f01eb,4768,dreamer
0x8a44e65288dc50c6bf8931e1e8216b5fb77f01eb,4771,angel
0x8a44e65288dc50c6bf8931e1e8216b5fb77f01eb,5031,dreamer
0x8a44e65288dc50c6bf8931e1e8216b5fb77f01eb,5052,dreamer
0x8a44e65288dc50c6bf8931e1e8216b5fb77f01eb,5135,neo-capitalist
0x8a44e65288dc50c6bf8931e1e8216b5fb77f01eb,5199,angel
0x8a44e65288dc50c6bf8931e1e8216b5fb77f01eb,5226,neo-capitalist
0x8a44e65288dc50c6bf8931e1e8216b5fb77f01eb,5332,neo-capitalist
0x8a44e65288dc50c6bf8931e1e8216b5fb77f01eb,5370,dreamer
0x8a44e65288dc50c6bf8931e1e8216b5fb77f01eb,5650,dreamer
0x8a44e65288dc50c6bf8931e1e8216b5fb77f01eb,5860,dreamer
0x8a44e65288dc50c6bf8931e1e8216b5fb77f01eb,5871,dreamer
0x8a44e65288dc50c6bf8931e1e8216b5fb77f01eb,5872,dreamer
0x8a44e65288dc50c6bf8931e1e8216b5fb77f01eb,5877,dreamer
0x8a44e65288dc50c6bf8931e1e8216b5fb77f01eb,5966,connector
0x8a44e65288dc50c6bf8931e1e8216b5fb77f01eb,6006,angel
0x8a44e65288dc50c6bf8931e1e8216b5fb77f01eb,6064,connector
0x8a44e65288dc50c6bf8931e1e8216b5fb77f01eb,6310,dreamer
0x8a44e65288dc50c6bf8931e1e8216b5fb77f01eb,6314,angel
0x8a44e65288dc50c6bf8931e1e8216b5fb77f01eb,6321,dreamer
0x8a44e65288dc50c6bf8931e1e8216b5fb77f01eb,6332,connector
0x8a44e65288dc50c6bf8931e1e8216b5fb77f01eb,6335,dreamer
0x8a44e65288dc50c6bf8931e1e8216b5fb77f01eb,6353,angel
0x8a44e65288dc50c6bf8931e1e8216b5fb77f01eb,6501,neo-capitalist
0x8a44e65288dc50c6bf8931e1e8216b5fb77f01eb,6504,builder
0x8a44e65288dc50c6bf8931e1e8216b5fb77f01eb,6514,angel
0x8a44e65288dc50c6bf8931e1e8216b5fb77f01eb,6548,angel
0x8a44e65288dc50c6bf8931e1e8216b5fb77f01eb,6563,connector
0x8a44e65288dc50c6bf8931e1e8216b5fb77f01eb,6594,dreamer
0x8a44e65288dc50c6bf8931e1e8216b5fb77f01eb,6600,angel
0x8a44e65288dc50c6bf8931e1e8216b5fb77f01eb,6685,connector
0x8a44e65288dc50c6bf8931e1e8216b5fb77f01eb,6744,neo-capitalist
0x8a44e65288dc50c6bf8931e1e8216b5fb77f01eb,7130,neo-capitalist
0x8a44e65288dc50c6bf8931e1e8216b5fb77f01eb,7133,neo-capitalist
0x8a44e65288dc50c6bf8931e1e8216b5fb77f01eb,7545,builder
0x8a44e65288dc50c6bf8931e1e8216b5fb77f01eb,7814,neo-capitalist
0x24d074530bb9526a67369b67fcf1fa6cf6ef6845,901,angel
0x24d074530bb9526a67369b67fcf1fa6cf6ef6845,905,angel
0x24d074530bb9526a67369b67fcf1fa6cf6ef6845,1159,connector
0x24d074530bb9526a67369b67fcf1fa6cf6ef6845,1317,dreamer
0x24d074530bb9526a67369b67fcf1fa6cf6ef6845,1551,dreamer
0x24d074530bb9526a67369b67fcf1fa6cf6ef6845,1619,builder
0x24d074530bb9526a67369b67fcf1fa6cf6ef6845,1778,builder
0x24d074530bb9526a67369b67fcf1fa6cf6ef6845,1936,neo-capitalist
0x24d074530bb9526a67369b67fcf1fa6cf6ef6845,2034,connector
0x24d074530bb9526a67369b67fcf1fa6cf6ef6845,2421,builder
0x24d074530bb9526a67369b67fcf1fa6cf6ef6845,2741,neo-capitalist
0x24d074530bb9526a67369b67fcf1fa6cf6ef6845,3461,neo-capitalist
0x24d074530bb9526a67369b67fcf1fa6cf6ef6845,3533,dreamer
0x24d074530bb9526a67369b67fcf1fa6cf6ef6845,3646,dreamer
0x24d074530bb9526a67369b67fcf1fa6cf6ef6845,3918,dreamer
0x24d074530bb9526a67369b67fcf1fa6cf6ef6845,4027,neo-capitalist
0x24d074530bb9526a67369b67fcf1fa6cf6ef6845,4640,angel
0x24d074530bb9526a67369b67fcf1fa6cf6ef6845,4667,dreamer
0x24d074530bb9526a67369b67fcf1fa6cf6ef6845,6173,connector
0x24d074530bb9526a67369b67fcf1fa6cf6ef6845,6349,dreamer
0x24d074530bb9526a67369b67fcf1fa6cf6ef6845,6531,angel
0x47e44738be0732119e0687eaa3bc18f5c8e58399,6486,builder
0x47e44738be0732119e0687eaa3bc18f5c8e58399,6487,builder
0x2106df7c24125c1c8f7f1f6deaaede93fd9a2e74,6131,connector
0x9c421d817d620c80cdbe65919d2441ff3560a640,4620,neo-capitalist
0xcd82a23d18cfcf40a1059456f90795bd74b7d2e0,1733,neo-capitalist
0x61ff13f129a96d2d229d37a0531979852945433a,4005,neo-capitalist
0x61ff13f129a96d2d229d37a0531979852945433a,4179,angel
0x61ff13f129a96d2d229d37a0531979852945433a,4180,angel
0x61ff13f129a96d2d229d37a0531979852945433a,4391,connector
0x05d93ec016c4ae7a653fe79e6da7746073afb94f,1643,neo-capitalist
0x05d93ec016c4ae7a653fe79e6da7746073afb94f,1839,connector
0x05d93ec016c4ae7a653fe79e6da7746073afb94f,1896,dreamer
0x05d93ec016c4ae7a653fe79e6da7746073afb94f,2481,connector
0x05d93ec016c4ae7a653fe79e6da7746073afb94f,2599,dreamer
0x05d93ec016c4ae7a653fe79e6da7746073afb94f,3049,neo-capitalist
0x05d93ec016c4ae7a653fe79e6da7746073afb94f,3185,dreamer
0x05d93ec016c4ae7a653fe79e6da7746073afb94f,3260,angel
0x05d93ec016c4ae7a653fe79e6da7746073afb94f,3529,angel
0x05d93ec016c4ae7a653fe79e6da7746073afb94f,3530,angel
0x05d93ec016c4ae7a653fe79e6da7746073afb94f,3664,connector
0x05d93ec016c4ae7a653fe79e6da7746073afb94f,3942,connector
0x05d93ec016c4ae7a653fe79e6da7746073afb94f,4483,angel
0x05d93ec016c4ae7a653fe79e6da7746073afb94f,5207,angel
0x05d93ec016c4ae7a653fe79e6da7746073afb94f,5614,builder
0x05d93ec016c4ae7a653fe79e6da7746073afb94f,5615,builder
0x05d93ec016c4ae7a653fe79e6da7746073afb94f,5858,dreamer
0x05d93ec016c4ae7a653fe79e6da7746073afb94f,5942,neo-capitalist
0x05d93ec016c4ae7a653fe79e6da7746073afb94f,5968,dreamer
0x05d93ec016c4ae7a653fe79e6da7746073afb94f,6415,neo-capitalist
0x05d93ec016c4ae7a653fe79e6da7746073afb94f,6416,neo-capitalist
0x6cc4ead03b6fda979fa33b40546ba5d09c35396a,1067,builder
0x6cc4ead03b6fda979fa33b40546ba5d09c35396a,1497,dreamer
0x6cc4ead03b6fda979fa33b40546ba5d09c35396a,2430,connector
0x6cc4ead03b6fda979fa33b40546ba5d09c35396a,4578,angel
0x6cc4ead03b6fda979fa33b40546ba5d09c35396a,5981,neo-capitalist
0x8f59fa39d9612b0f8ea0d0d28961ec0d535f6799,2993,neo-capitalist
0x8f59fa39d9612b0f8ea0d0d28961ec0d535f6799,2994,neo-capitalist
0x985354a689a962c28bc171567082d7092afd80c0,2134,connector
0x985354a689a962c28bc171567082d7092afd80c0,2752,dreamer
0x985354a689a962c28bc171567082d7092afd80c0,3066,dreamer
0x985354a689a962c28bc171567082d7092afd80c0,6359,neo-capitalist
0x985354a689a962c28bc171567082d7092afd80c0,6360,neo-capitalist
0x985354a689a962c28bc171567082d7092afd80c0,6365,connector
0x985354a689a962c28bc171567082d7092afd80c0,6366,connector
0x985354a689a962c28bc171567082d7092afd80c0,6374,builder
0x985354a689a962c28bc171567082d7092afd80c0,6375,builder
0x985354a689a962c28bc171567082d7092afd80c0,6382,connector
0x985354a689a962c28bc171567082d7092afd80c0,6383,connector
0x985354a689a962c28bc171567082d7092afd80c0,6391,builder
0x985354a689a962c28bc171567082d7092afd80c0,6392,builder
0x985354a689a962c28bc171567082d7092afd80c0,6401,connector
0x985354a689a962c28bc171567082d7092afd80c0,6402,connector
0x985354a689a962c28bc171567082d7092afd80c0,6407,neo-capitalist
0x985354a689a962c28bc171567082d7092afd80c0,6408,neo-capitalist
0x985354a689a962c28bc171567082d7092afd80c0,6423,angel
0x985354a689a962c28bc171567082d7092afd80c0,6424,angel
0x985354a689a962c28bc171567082d7092afd80c0,6435,angel
0x985354a689a962c28bc171567082d7092afd80c0,6436,angel
0x2294476a8b4d6c5b7f87c3a1e6c823f6117c45c2,2215,neo-capitalist
0x5b34d7917840fac7e91973abdd5647ae5eeccbaa,2037,builder
0x5b34d7917840fac7e91973abdd5647ae5eeccbaa,2038,builder
0x5b34d7917840fac7e91973abdd5647ae5eeccbaa,3843,dreamer
0x57bc43ffb972f3c6d687240a856a261ca133e4e5,1382,neo-capitalist
0xf3edf9605cde44470dcc6bf455cd34b939668cc5,3791,neo-capitalist
0xf3edf9605cde44470dcc6bf455cd34b939668cc5,3792,neo-capitalist
0x268e94649f4f2b7609d012494783d908f051fe74,2589,neo-capitalist
0x268e94649f4f2b7609d012494783d908f051fe74,2590,neo-capitalist
0x3fcfbbdbaf2d42c3e36bb7eb621e9675abd4149b,1657,connector
0xd589286a2c8e633a7c1c3adbbc19e53c790932c6,3573,angel
0xd589286a2c8e633a7c1c3adbbc19e53c790932c6,4072,dreamer
